{
	"info": {
		"_postman_id": "5f99f449-a2d7-4f1c-8ea9-ee13bf1525ac",
		"name": "UdaConnect",
		"schema": "https://schema.getpostman.com/json/collection/v2.1.0/collection.json",
		"_exporter_id": "1438668"
	},
	"item": [
		{
			"name": "Persons",
			"item": [
				{
					"name": "Persons",
					"protocolProfileBehavior": {
						"disabledSystemHeaders": {
							"content-length": true,
							"host": true,
							"user-agent": true,
							"accept-encoding": true,
							"connection": true
						}
					},
					"request": {
						"method": "POST",
						"header": [
							{
								"key": "Accept",
								"value": "application/json",
								"type": "text"
							},
							{
								"key": "Content-Type",
								"value": "application/json",
								"type": "text"
							}
						],
						"body": {
							"mode": "raw",
							"raw": "        {\r\n            \"first_name\":\"Ali\",\r\n            \"last_name\":\"Habib\",\r\n            \"company_name\":\"Philips\"\r\n        }",
							"options": {
								"raw": {
									"language": "json"
								}
							}
						},
						"url": {
							"raw": "localhost:30001/api/persons",
							"host": [
								"localhost"
							],
							"port": "30001",
							"path": [
								"api",
								"persons"
							]
						}
					},
					"response": []
				},
				{
					"name": "persons/{person_id}",
					"request": {
						"method": "GET",
						"header": [
							{
								"key": "Accept",
								"value": "application/json",
								"type": "text"
							},
							{
								"key": "Content-Type",
								"value": "application/json",
								"type": "text"
							}
						],
						"url": {
							"raw": "localhost:30001/api/persons?person_id=6",
							"host": [
								"localhost"
							],
							"port": "30001",
							"path": [
								"api",
								"persons"
							],
							"query": [
								{
									"key": "person_id",
									"value": "6"
								}
							]
						}
					},
					"response": []
				},
				{
					"name": "Persons",
					"request": {
						"method": "GET",
						"header": [
							{
								"key": "Accept",
								"value": "application/json",
								"type": "text"
							},
							{
								"key": "Content-Type",
								"value": "application/json",
								"type": "text"
							}
						],
						"url": {
							"raw": "localhost:30001/api/persons",
							"host": [
								"localhost"
							],
							"port": "30001",
							"path": [
								"api",
								"persons"
							]
						}
					},
					"response": []
				},
				{
					"name": "persons/${personId}/connection?start_date=2020-01-01&end_date=2020-12-30&distance=5",
					"request": {
						"method": "GET",
						"header": [
							{
								"key": "Accept",
								"value": "application/json",
								"type": "text"
							},
							{
								"key": "Content-Type",
								"value": "application/json",
								"type": "text"
							}
						],
						"url": {
							"raw": "http://localhost:30001/api/persons/${personId}/connection?start_date=2020-01-01&end_date=2020-12-30&distance=5",
							"protocol": "http",
							"host": [
								"localhost"
							],
							"port": "30001",
							"path": [
								"api",
								"persons",
								"${personId}",
								"connection"
							],
							"query": [
								{
									"key": "start_date",
									"value": "2020-01-01"
								},
								{
									"key": "end_date",
									"value": "2020-12-30"
								},
								{
									"key": "distance",
									"value": "5"
								}
							]
						}
					},
					"response": []
				}
			]
		},
		{
			"name": "Locations",
			"item": [
				{
					"name": "locations",
					"protocolProfileBehavior": {
						"disabledSystemHeaders": {
							"content-length": true,
							"host": true,
							"user-agent": true,
							"accept-encoding": true,
							"connection": true
						}
					},
					"request": {
						"method": "POST",
						"header": [
							{
								"key": "Accept",
								"value": "application/json",
								"type": "text"
							},
							{
								"key": "Content-Type",
								"value": "application/json",
								"type": "text"
							}
						],
						"body": {
							"mode": "raw",
							"raw": "        {\r\n            \"person_id\":6,\r\n            \"creation_time\":\"2020-08-15 10:37:06.000000\",\r\n            \"latitude\":\"2424\",\r\n            \"longitude\":\"5454\"\r\n        } \r\n",
							"options": {
								"raw": {
									"language": "json"
								}
							}
						},
						"url": {
							"raw": "localhost:30003/api/locations",
							"host": [
								"localhost"
							],
							"port": "30003",
							"path": [
								"api",
								"locations"
							]
						}
					},
					"response": []
				},
				{
					"name": "locations/{location_id}",
					"request": {
						"method": "GET",
						"header": [
							{
								"key": "Accept",
								"value": "application/json",
								"type": "text"
							},
							{
								"key": "Content-Type",
								"value": "application/json",
								"type": "text"
							}
						],
						"url": {
							"raw": "localhost:30003/api/persons?location_id=6",
							"host": [
								"localhost"
							],
							"port": "30003",
							"path": [
								"api",
								"persons"
							],
							"query": [
								{
									"key": "location_id",
									"value": "6"
								}
							]
						}
					},
					"response": []
				},
				{
					"name": "locations/connectionslocations",
					"request": {
						"method": "GET",
						"header": [
							{
								"key": "Accept",
								"value": "application/json",
								"type": "text"
							},
							{
								"key": "Content-Type",
								"value": "application/json",
								"type": "text"
							}
						],
						"url": {
							"raw": "http://localhost:30003/api/locations/connectionslocations?start_date=2020-01-01&end_date=2020-12-30&distance=5&person_id=6",
							"protocol": "http",
							"host": [
								"localhost"
							],
							"port": "30003",
							"path": [
								"api",
								"locations",
								"connectionslocations"
							],
							"query": [
								{
									"key": "start_date",
									"value": "2020-01-01"
								},
								{
									"key": "end_date",
									"value": "2020-12-30"
								},
								{
									"key": "distance",
									"value": "5"
								},
								{
									"key": "person_id",
									"value": "6"
								}
							]
						}
					},
					"response": []
				}
			]
		}
	]
}